{
  "0": {
    "threshold": 0.40000000000000024,
    "best_f1": 0.7035647279080287
  },
  "1": {
    "threshold": 0.3800000000000002,
    "best_f1": 0.6623570362551601
  }
}