{
  "0": {
    "threshold": 0.15,
    "best_f1": 0.6987584403814291
  },
  "1": {
    "threshold": 0.4600000000000003,
    "best_f1": 0.6571205414795267
  }
}