{
  "0": {
    "threshold": 0.3400000000000002,
    "best_f1": 0.6259613143357082
  },
  "1": {
    "threshold": 0.4900000000000003,
    "best_f1": 0.7095102357635306
  }
}