{
  "0": {
    "threshold": 0.15,
    "best_f1": 0.7221390373869845
  },
  "1": {
    "threshold": 0.4700000000000003,
    "best_f1": 0.644398462855403
  }
}