{
  "0": {
    "threshold": 0.40000000000000024,
    "best_f1": 0.6840468786908092
  },
  "1": {
    "threshold": 0.4600000000000003,
    "best_f1": 0.6936960501750303
  }
}