{
  "0": {
    "threshold": 0.41000000000000025,
    "best_f1": 0.7306077347596881
  },
  "1": {
    "threshold": 0.4900000000000003,
    "best_f1": 0.6272973786810141
  }
}