{
  "0": {
    "threshold": 0.39000000000000024,
    "best_f1": 0.7973476999104298
  },
  "1": {
    "threshold": 0.5000000000000003,
    "best_f1": 0.5808605340771122
  }
}