{
  "0": {
    "threshold": 0.40000000000000024,
    "best_f1": 0.709754925469524
  },
  "1": {
    "threshold": 0.43000000000000027,
    "best_f1": 0.6545626031151516
  }
}