{
  "0": {
    "threshold": 0.40000000000000024,
    "best_f1": 0.8012565444543173
  },
  "1": {
    "threshold": 0.5200000000000004,
    "best_f1": 0.5842148087387177
  }
}