{
  "0": {
    "threshold": 0.41000000000000025,
    "best_f1": 0.79007633582957
  },
  "1": {
    "threshold": 0.4800000000000003,
    "best_f1": 0.5695364237963297
  }
}