{
  "0": {
    "threshold": 0.3800000000000002,
    "best_f1": 0.7838501003308279
  },
  "1": {
    "threshold": 0.4900000000000003,
    "best_f1": 0.6074303405113296
  }
}