{"trade_threshold": 0.37000000000000016, "trade_f1": 0.63518197568885}