{"trade_threshold": 0.33500000000000013, "trade_f1": 0.5954678034098745}