{"trade_threshold": 0.36000000000000015, "trade_f1": 0.6680353109773322}