{"trade_threshold": 0.36500000000000016, "trade_f1": 0.590210451597286}