{"trade_threshold": 0.3250000000000001, "trade_f1": 0.5844040761627621}