{"trade_threshold": 0.35000000000000014, "trade_f1": 0.6820695102214757}