{"trade_threshold": 0.47500000000000026, "trade_f1": 0.5474926253217809}