{"trade_threshold": 0.4350000000000002, "trade_f1": 0.5821294809578033}