{"trade_threshold": 0.37000000000000016, "trade_f1": 0.6676130601840901}