{"trade_threshold": 0.2750000000000001, "trade_f1": 0.6496118559895054}