{"trade_threshold": 0.4200000000000002, "trade_f1": 0.7273062730143853}