{"trade_threshold": 0.35500000000000015, "trade_f1": 0.6869739478485505}