{"trade_threshold": 0.4200000000000002, "trade_f1": 0.6262341325338823}