{
  "q_table": {
    "2_1_2_2_1_2_1_0": [
      1.3677100045641681,
      0.0,
      0.07919999999999999,
      -1.0161045953297203,
      0.0,
      0.0,
      0.0,
      -0.07141970922824448,
      -0.9096667073398332,
      0.0,
      -0.9649392306815685,
      0.0
    ],
    "1_1_2_2_1_1_1_0": [
      0.0,
      0.0,
      0.1921584064,
      0.0,
      0.0,
      0.0,
      0.0,
      0.12991607514528994,
      0.3,
      0.0,
      0.27897719949860633,
      0.0
    ],
    "1_0_2_1_1_2_0_0": [
      0.9399797313747568,
      0.0,
      0.5228617947091923,
      0.1,
      0.0,
      0.0,
      0.0,
      0.0,
      0.0,
      0.0,
      -0.3122722144578223,
      0.0
    ],
    "2_2_2_2_1_2_1_0": [
      0.0,
      0.0,
      0.0,
      0.0,
      0.0,
      0.0,
      0.0,
      0.166,
      0.09451628555519999,
      0.0,
      -0.17924287137163725,
      0.0
    ],
    "2_0_2_2_1_2_0_0": [
      0.0,
      0.04,
      1.1942442714531487,
      -0.19781170012992,
      0.0,
      0.0,
      0.0,
      0.2,
      0.3,
      0.0,
      0.017479149087870814,
      -0.4572970037144505
    ],
    "1_0_2_1_1_0_0_0": [
      1.6109974511675893,
      0.0,
      0.0,
      0.036640000000000006,
      0.0,
      0.0,
      0.0,
      0.0,
      0.0,
      0.0,
      0.0,
      0.0
    ],
    "2_0_2_2_1_1_1_0": [
      0.0,
      0.04,
      0.0,
      0.20219473030146842,
      0.0,
      0.0,
      -0.05,
      -0.012146368467199985,
      -0.08255969592533349,
      0.0,
      -0.8652215292676738,
      0.0
    ],
    "2_1_2_2_1_1_1_0": [
      0.0,
      0.0,
      0.0,
      0.0,
      0.0,
      0.0,
      0.0,
      0.2,
      0.3,
      0.0,
      3.664383391776163,
      0.0
    ],
    "2_1_2_2_1_0_2_0": [
      0.228315238272,
      0.0,
      0.0,
      0.0,
      -0.03,
      0.0,
      -0.19407960000000002,
      -0.10822557166719998,
      -0.1270589028355803,
      0.0,
      -1.619485598155969,
      0.0
    ],
    "1_0_2_2_1_0_0_0": [
      0.0,
      0.0,
      0.0,
      0.0,
      0.0,
      0.0,
      0.0,
      0.2,
      0.3,
      0.0,
      6.850780605363064,
      0.0
    ],
    "1_0_2_2_1_0_1_0": [
      0.0,
      0.0,
      0.0,
      0.0,
      0.0,
      0.0,
      0.0,
      0.09308000000000002,
      0.141054688,
      0.0,
      -0.40299330281766577,
      0.0
    ],
    "0_0_2_0_0_0_0_0": [
      1.0651496032872505,
      0.0,
      0.0,
      0.1,
      0.0,
      0.0,
      0.0,
      0.0,
      0.0,
      0.0,
      0.0,
      0.0
    ],
    "2_1_2_2_1_0_1_0": [
      0.0,
      0.0,
      0.0,
      0.0,
      0.0,
      0.0,
      -0.03,
      0.2,
      4.982925921189064,
      -0.05,
      0.4,
      -0.3296861668832
    ],
    "2_0_2_2_1_2_1_0": [
      0.0,
      0.0,
      0.0,
      0.0,
      0.0,
      -0.010467217894170152,
      0.0,
      0.04121840000000002,
      0.3,
      0.0,
      0.8921070791747369,
      -0.8459131060000183
    ],
    "2_2_2_2_1_1_1_0": [
      0.04,
      0.0,
      0.0,
      0.0,
      0.0,
      0.0,
      0.0,
      0.2,
      0.15650161887908035,
      0.0,
      -0.21907287510146842,
      0.0
    ],
    "0_0_2_1_1_0_0_0": [
      1.161773144949267,
      0.0,
      0.0,
      0.1,
      0.0,
      0.0,
      0.0,
      0.0,
      0.0,
      0.0,
      0.0,
      0.0
    ],
    "2_1_2_2_1_1_2_0": [
      0.0,
      0.0,
      0.0,
      0.0,
      0.0,
      0.0,
      0.0,
      0.2,
      0.3,
      0.0,
      0.7995102814891185,
      -0.24019800800000002
    ],
    "1_0_2_2_1_2_1_0": [
      0.0,
      0.0,
      0.0,
      0.0,
      0.0,
      0.0,
      0.0,
      0.2,
      0.3672530388888234,
      0.0,
      -0.03278723451282174,
      0.0
    ],
    "2_1_2_2_1_2_2_0": [
      0.0,
      0.0,
      0.0,
      0.0,
      0.0,
      0.0,
      0.0,
      0.2,
      0.3,
      0.0,
      0.556679424055765,
      0.0
    ],
    "2_2_2_2_1_1_2_0": [
      0.0,
      1.0138507587638435,
      0.0,
      0.0,
      0.0,
      0.0,
      0.0,
      0.2,
      0.12705743424,
      0.0,
      -0.24362507015183726,
      0.0
    ],
    "2_0_2_1_1_0_0_0": [
      0.794152997492902,
      0.0,
      0.0,
      0.1,
      0.0,
      0.0,
      0.0,
      0.0,
      0.0,
      0.0,
      0.0,
      0.0
    ],
    "1_1_2_2_1_0_1_0": [
      0.0,
      0.0,
      0.0,
      0.0,
      0.0,
      0.0,
      0.0,
      0.10002640000000002,
      0.09451628555519999,
      0.0,
      -0.44242836038098915,
      0.0
    ],
    "2_0_2_2_1_0_1_0": [
      0.0,
      0.0,
      0.0,
      0.0,
      0.0,
      0.0,
      0.0,
      0.2,
      0.3,
      0.22893288834412198,
      1.0960228393966565,
      0.0
    ],
    "1_0_2_1_1_1_0_0": [
      1.0912231239088597,
      0.0,
      0.0,
      0.1,
      0.0,
      0.0,
      0.0,
      0.0,
      0.0,
      0.0,
      0.0,
      0.0
    ],
    "1_0_2_2_1_1_1_0": [
      0.0,
      0.0,
      0.0,
      0.0,
      0.0,
      0.0,
      0.0,
      0.08081840000000001,
      0.019566666419199998,
      0.0,
      -0.17924287137163725,
      0.0
    ],
    "2_2_2_2_1_0_1_0": [
      0.0,
      0.0,
      0.0,
      0.0,
      0.0,
      0.0,
      0.0,
      -0.5949038427205655,
      0.22415275496445425,
      0.0,
      0.24586245482961944,
      0.0
    ],
    "1_1_2_1_1_1_1_0": [
      0.04,
      0.0,
      0.0,
      0.0,
      -0.1525176907104,
      0.0,
      0.0,
      -0.05290080000000001,
      0.0,
      0.0,
      0.0,
      0.0
    ],
    "2_2_2_2_1_2_2_0": [
      0.0,
      0.0,
      0.0,
      0.0,
      0.0,
      0.0,
      0.0,
      0.2,
      0.3,
      0.0,
      1.1642756849265448,
      0.04886360234264333
    ],
    "2_0_2_2_1_1_0_0": [
      0.04,
      0.0,
      0.0,
      0.0,
      0.0,
      0.0,
      0.0,
      -0.009605967999999979,
      -0.005861599817984016,
      0.0,
      -0.07833698503905817,
      0.0
    ],
    "0_0_1_0_0_1_0_0": [
      0.794152997492902,
      0.0,
      0.0,
      0.1,
      0.0,
      0.0,
      0.0,
      0.0,
      0.0,
      0.0,
      0.0,
      0.0
    ],
    "0_0_2_2_1_2_0_0": [
      0.0,
      0.0,
      0.0,
      0.0,
      0.0,
      0.0,
      0.0,
      0.14600000000000002,
      0.18912,
      0.0,
      0.17486766400000003,
      0.0
    ],
    "1_0_1_2_1_0_0_0": [
      0.794152997492902,
      0.0,
      0.0,
      0.1,
      0.0,
      0.0,
      0.0,
      0.0,
      0.0,
      0.0,
      0.0,
      0.0
    ],
    "2_0_2_1_1_2_1_0": [
      0.0,
      0.0,
      0.0,
      0.0,
      0.7742345703678623,
      0.0,
      0.0,
      0.1,
      0.0,
      0.0,
      0.0,
      0.0
    ],
    "1_0_2_1_1_0_1_0": [
      0.0,
      0.0,
      0.0,
      0.0,
      -0.03836007157440001,
      0.0,
      0.0,
      -0.024210943999999995,
      0.0,
      0.0,
      0.0,
      0.0
    ],
    "1_0_2_1_1_1_1_0": [
      0.0,
      0.0,
      0.0,
      0.0,
      -0.1243161924852527,
      0.0,
      0.0,
      0.005907200000000005,
      0.0,
      0.0,
      0.0,
      0.0
    ],
    "0_0_2_0_0_1_0_0": [
      0.4940679525312,
      0.0,
      0.0,
      0.1,
      0.0,
      0.0,
      0.0,
      0.0,
      0.0,
      0.0,
      0.0,
      0.0
    ]
  },
  "stats": {
    "total_decisions": 428,
    "entries_taken": 287,
    "entries_skipped": 115,
    "waits": 26,
    "wins": 84,
    "losses": 203,
    "total_pnl": 411.9804900993418,
    "total_net_pnl": -546.599509900659,
    "action_counts": {
      "SKIP": 115,
      "WAIT_1BAR": 11,
      "WAIT_PULLBACK": 15,
      "TINY_PATIENT": 5,
      "SMALL_PATIENT": 11,
      "MEDIUM_NORMAL": 3,
      "FULL_NORMAL": 5,
      "FULL_WIDE_PATIENT": 25,
      "FULL_VERY_PATIENT": 83,
      "AGGRESSIVE": 2,
      "SNIPER_MAX": 147,
      "QUICK_SCALP": 6
    },
    "action_pnl": {
      "SKIP": -180.73008383256098,
      "WAIT_1BAR": -13.616553159219965,
      "WAIT_PULLBACK": -56.062918430301636,
      "TINY_PATIENT": 10.177914847125361,
      "SMALL_PATIENT": 10.63668849938033,