{
  "q_table": {
    "2_1_2_2_1_2_2_0": [
      0.0,
      0.0,
      0.0,
      0.0,
      0.0,
      0.0,
      0.0,
      0.2,
      0.3,
      -0.088212,
      0.8413307070249856,
      0.0
    ],
    "2_2_2_2_1_2_1_0": [
      0.7930705404422062,
      0.0,
      0.0,
      0.0,
      0.0,
      0.0,
      0.0,
      0.2,
      0.082630848,
      0.0,
      0.021389566424612358,
      0.0
    ],
    "2_1_2_2_1_2_1_0": [
      0.0,
      0.0,
      0.26374893350656003,
      -0.016,
      0.0,
      0.0347696673455534,
      0.0,
      0.12080334963779785,
      -1.3014581297274188,
      0.0,
      -0.4726444982435637,
      0.0
    ],
    "1_1_2_2_1_0_1_0": [
      0.0,
      0.0,
      0.0,
      0.0,
      0.0,
      0.0,
      0.0,
      0.2,
      0.3,
      0.0,
      1.8296983494670696,
      0.0
    ],
    "0_0_2_0_0_0_0_0": [
      1.0726766570498567,
      0.0,
      0.0,
      0.1,
      0.0,
      0.0,
      0.0,
      0.0,
      0.0,
      0.0,
      0.0,
      0.0
    ],
    "2_1_2_2_1_1_1_0": [
      1.0138507587638435,
      -0.062105472,
      0.0,
      0.0,
      0.0,
      0.0,
      0.0,
      1.9257590392104065,
      -0.6306976790857355,
      0.3963759822083307,
      -1.0959782271482044,
      -0.11644776
    ],
    "1_0_2_2_1_0_1_0": [
      0.0,
      1.0335737435885666,
      0.0,
      0.0,
      0.0,
      0.0,
      0.0,
      0.166,
      -0.8440927814867069,
      0.0,
      -0.12478433087425787,
      0.0
    ],
    "2_1_2_2_1_1_2_0": [
      0.0,
      0.0,
      0.0,
      0.0,
      0.0,
      0.0,
      0.0,
      0.04842587200000002,
      -0.019641333580800002,
      0.0,
      -0.6385227438922009,
      0.0
    ],
    "2_0_2_2_1_0_1_0": [
      0.0,
      0.0,
      1.1351432735081552,
      0.0,
      0.0,
      0.0,
      -0.05,
      0.42095057305477146,
      -0.32233953782401326,
      0.0,
      -0.918095473790932,
      0.0
    ],
    "1_0_2_2_1_2_0_0": [
      0.0,
      0.0,
      0.0,
      0.0,
      0.0,
      0.0,
      0.0,
      0.14600000000000002,
      0.030978231040000005,
      0.0,
      -0.6777928817588494,
      0.0
    ],
    "2_1_2_2_1_0_2_0": [
      0.0,
      0.664784056489811,
      0.0,
      0.0,
      0.0,
      0.0,
      0.0,
      -0.12789891242824447,
      -0.11786353677100034,
      0.0,
      -1.2074688285422417,
      0.0
    ],
    "2_1_2_2_1_0_1_0": [
      0.02152832762652,
      0.0,
      0.0,
      -0.5382081906629999,
      0.0,
      -0.34646641610984397,
      0.0,
      0.2,
      0.244,
      0.5049375119626663,
      1.6876315118215064,
      0.0
    ],
    "2_0_2_2_1_1_1_0": [
      -0.062105472,
      0.0,
      0.0,
      0.0,
      0.0,
      0.0,
      0.0,
      0.6151742546483306,
      -0.1971641029335075,
      -0.41430341911125623,
      0.0038405951377500983,
      0.0
    ],
    "1_0_2_2_1_1_1_0": [
      0.0,
      0.0,
      0.0,
      0.0,
      0.0,
      0.0,
      -0.03,
      0.04121840000000002,
      0.12105468800000002,
      -0.24937835680477516,
      0.01756404641548802,
      0.0
    ],
    "2_0_2_2_1_2_1_0": [
      0.5390719223345126,
      0.0,
      0.0,
      0.0,
      0.0,
      -0.5774440268497398,
      -0.8643604692000184,
      0.11235830244951188,
      -1.2005819126794433,
      0.0,
      -0.7499522836411989,
      0.0
    ],
    "1_0_2_1_1_2_0_0": [
      0.8460854842735093,
      0.04,
      0.0,
      0.1,
      -0.8707655181068947,
      0.0,
      0.0,
      0.0,
      0.0,
      0.0,
      0.0,
      0.0
    ],
    "0_0_2_1_1_0_0_0": [
      0.5826288043787452,
      0.0,
      0.07919999999999999,
      0.1,
      0.0,
      0.0,
      0.0,
      0.0,
      0.0,
      0.0,
      0.0,
      0.0
    ],
    "1_0_2_1_1_2_1_0": [
      0.0,
      0.0,
      0.4927161170501962,
      0.0,
      0.15,
      0.0,
      0.0,
      0.1,
      0.0,
      0.0,
      0.0,
      0.0
    ],
    "1_0_2_1_1_1_1_0": [
      0.315931497472273,
      -0.25501390060808615,
      0.0,
      0.0,
      -0.24547799015826816,
      -0.099,
      0.0,
      -0.14980592832,
      0.0,
      0.0,
      0.0,
      -1.4298733301137665
    ],
    "0_0_2_1_1_1_0_0": [
      0.20919794292396993,
      -0.016,
      0.0,
      0.1,
      -0.016,
      0.0,
      0.0,
      0.0,
      0.0,
      0.0,
      1.2156941753984878,
      0.0
    ],
    "1_0_2_1_1_0_0_0": [
      1.5141909349894282,
      0.0,
      0.0,
      0.1,
      0.0,
      0.0,
      0.0,
      -0.05,
      0.0,
      0.0,
      0.0,
      0.0
    ],
    "0_0_2_0_0_2_0_0": [
      0.3,
      0.0,
      0.0,
      0.1,
      0.0,
      0.0,
      0.0,
      0.0,
      0.0,
      0.0,
      2.3223132322972075,
      0.0
    ],
    "2_2_2_2_1_1_1_0": [
      0.0,
      0.0,
      0.0,
      0.0,
      0.0,
      0.0,
      0.0,
      0.2,
      0.3,
      0.0,
      1.3206727129952682,
      0.0
    ],
    "2_2_2_2_1_2_2_0": [
      0.0,
      0.0,
      0.0,
      0.0,
      0.0,
      0.0,
      0.0,
      0.2,
      0.18912,
      -0.05,
      -0.0821314898225653,
      0.0
    ],
    "2_0_2_2_1_1_2_0": [
      0.0,
      0.0,
      0.0,
      0.0,
      -0.05,
      0.0,
      0.0,
      0.09308000000000002,
      0.030978231040000005,
      0.0,
      -0.03278723451282174,
      0.0
    ],
    "2_0_2_2_1_0_0_0": [
      0.0,
      0.0,
      0.0,
      0.0,
      0.0,
      0.0,
      0.0,
      0.2,
      0.3,
      0.0,
      0.5862651039334952,
      0.0
    ],
    "1_0_2_1_1_1_0_0": [
      0.4199684718528771,
      0.0,
      0.0,
      0.1,
      0.0,
      0.0,
      0.0,
      -0.171236428704,
      0.0,
      0.0,
      0.0,
      0.0
    ],
    "2_2_2_2_1_0_2_0": [
      0.0,
      0.0,
      0.0,
      0.0,
      0.25623300810297456,
      0.0,
      0.0,
      0.2,
      0.3,
      0.0,
      0.6178013268229745,
      0.0
    ],
    "1_0_2_2_1_0_0_0": [
      0.0,
      0.0,
      0.0,
      0.0,
      0.0,
      0.0,
      0.0,
      0.2,
      0.22872,
      0.0,
      0.14943851316876805,
      0.0
    ],
    "2_0_2_2_1_1_0_0": [
      0.0,
      0.0,
      0.0,
      0.0,
      0.0,
      0.0,
      0.0,
      0.2,
      0.3,
      0.0,
      1.8538789018080393,
      0.0
    ],
    "2_0_2_1_1_1_0_0": [
      0.7444325255028134,
      0.0,
      0.04,
      -0.19680980975360002,
      0.0,
      0.0,
      0.0,
      0.0,
      0.0,
      0.0,
      0.0,
      0.0
    ],
    "2_1_2_1_1_2_1_0": [
      0.0,
      0.0,
      0.0,
      0.0,
      -0.055724376,
      0.0,
      0.0,
      -0.101842784,
      0.0,
      0.0,
      0.0,
      0.0
    ],
    "2_1_2_2_1_2_0_0": [
      0.0,
      0.0,
      0.0,
      0.0,
      0.0,
      0.0,
      0.0,
      0.2,
      0.18912,
      0.0,
      0.17486766400000003,
      0.0
    ],
    "1_0_2_1_1_2_2_0": [
      0.0,
      0.0,
      0.0,
      0.0,
      0.4311111752876792,
      0.0,
      0.0,
      0.1,
      0.0,
      0.0,
      0.0,
      0.0
    ],
    "2_2_2_2_1_0_1_0": [
      0.0,
      0.0,
      0.0,
      0.0,
      0.0,
      0.0,
      0.0,
      0.2,
      0.1353376,
      0.0,
      0.17486766400000003,
      0.0
    ],
    "1_0_2_2_1_1_0_0": [
      0.0,
      -0.016,
      0.0,
      0.0,
      0.0,
      0.0,
      0.0,
      0.2,
      0.38620650230289894,
      0.0,
      0.7268552856869142,
      0.0
    ],
    "1_0_2_1_1_0_1_0": [
      0.04,
      0.0,
      0.0,
      0.0,
      -0.199467336896192,
      0.0,
      0.0,
      -0.14980592832,
      0.0,
      0.0,
      0.0,
      0.0
    ],
    "2_2_2_2_1_1_2_0": [
      0.0,
      0.0,
      0.0,
      0.0,
      0.0,
      0.0,
      0.0,
      0.2,
      0.18912,
      0.0,
      0.01756404641548802,
      0.0
    ],